{
  "expedientes": [
    {
      "expediente": "exp01",
      "estado": "INICIADO",
      "archivos": [
        {
          "tipo": "NOTA_SIMPLE",
          "grupo": "INMUEBLE",
          "bucket": "documentos",
          "ruta": "documentos/exp01/Nota_Simple.pdf",
          "nombreOriginal": "Nota_Simple.pdf",
          "mime": "application/pdf",
          "tamanoBytes": 2176,
          "hashSha256": "7e531c6557480f6a1b906df1d850972a6b444e0f5cd3e6241c94e391694604bd",
          "version": 1,
          "fechaSubida": "2025-12-24T03:02:10"
        }
      ]
    },
    {
      "expediente": "exp02",
      "estado": "BORRADOR",
      "archivos": [
        {
          "tipo": "NOTA_SIMPLE",
          "grupo": "INMUEBLE",
          "bucket": "documentos",
          "ruta": "documentos/exp02/Nota_Simple.pdf",
          "nombreOriginal": "Nota_Simple.pdf",
          "mime": "application/pdf",
          "tamanoBytes": 2178,
          "hashSha256": "7f26ff580a683d1e60fed226d5a85ee6e610d1bb1076ae662c904d54f495820b",
          "version": 1,
          "fechaSubida": "2025-12-24T03:02:10"
        },
        {
          "tipo": "CONTRATO_ARRAS_BORRADOR",
          "grupo": "ARRAS",
          "bucket": "contratos-pdf",
          "ruta": "contratos-pdf/exp02/ContratoArras_Borrador.pdf",
          "nombreOriginal": "ContratoArras_Borrador.pdf",
          "mime": "application/pdf",
          "tamanoBytes": 2103,
          "hashSha256": "728cdbedb455318eaa400955f544d76188ca305087fda2aef65a0fa0f5328d48",
          "version": 1,
          "fechaSubida": "2025-12-24T03:02:10"
        }
      ]
    },
    {
      "expediente": "exp03",
      "estado": "BORRADOR",
      "archivos": [
        {
          "tipo": "NOTA_SIMPLE",
          "grupo": "INMUEBLE",
          "bucket": "documentos",
          "ruta": "documentos/exp03/Nota_Simple.pdf",
          "nombreOriginal": "Nota_Simple.pdf",
          "mime": "application/pdf",
          "tamanoBytes": 2178,
          "hashSha256": "cc915bc7f99add54fb101370bfe92e4ec8b0219c20afc539d3fc3afd6b9252ea",
          "version": 1,
          "fechaSubida": "2025-12-24T03:02:10"
        },
        {
          "tipo": "CONTRATO_ARRAS_BORRADOR",
          "grupo": "ARRAS",
          "bucket": "contratos-pdf",
          "ruta": "contratos-pdf/exp03/ContratoArras_Borrador.pdf",
          "nombreOriginal": "ContratoArras_Borrador.pdf",
          "mime": "application/pdf",
          "tamanoBytes": 2100,
          "hashSha256": "9fbf9a0f7243455a69ac9d71deae5e83f9d81e17a4a32c0c0336fca187c469b1",
          "version": 1,
          "fechaSubida": "2025-12-24T03:02:10"
        }
      ]
    },
    {
      "expediente": "exp04",
      "estado": "FIRMADO",
      "archivos": [
        {
          "tipo": "NOTA_SIMPLE",
          "grupo": "INMUEBLE",
          "bucket": "documentos",
          "ruta": "documentos/exp04/Nota_Simple.pdf",
          "nombreOriginal": "Nota_Simple.pdf",
          "mime": "application/pdf",
          "tamanoBytes": 2176,
          "hashSha256": "349f6762994c7372a7db4856f2e37413a7d0ffa2634611b7d3d47d06a33475d3",
          "version": 1,
          "fechaSubida": "2025-12-24T03:02:10"
        },
        {
          "tipo": "CONTRATO_ARRAS_FIRMADO",
          "grupo": "ARRAS",
          "bucket": "contratos-pdf",
          "ruta": "contratos-pdf/exp04/ContratoArras_Firmado.pdf",
          "nombreOriginal": "ContratoArras_Firmado.pdf",
          "mime": "application/pdf",
          "tamanoBytes": 2120,
          "hashSha256": "36ba122f701e56102425cde7ae3d672280a127d041a81bed356c961b77924861",
          "version": 1,
          "fechaSubida": "2025-12-24T03:02:10"
        },
        {
          "tipo": "JUSTIFICANTE_PAGO_ARRAS",
          "grupo": "ARRAS",
          "bucket": "justificantes",
          "ruta": "justificantes/exp04/Justificante_Pago_Arras.pdf",
          "nombreOriginal": "Justificante_Pago_Arras.pdf",
          "mime": "application/pdf",
          "tamanoBytes": 2080,
          "hashSha256": "46e58e2537b8945d66cbc702c0a957ef311d361a2403962fe588f687a68bc2fa",
          "version": 1,
          "fechaSubida": "2025-12-24T03:02:10"
        }
      ]
    },
    {
      "expediente": "exp05",
      "estado": "FIRMADO",
      "archivos": [
        {
          "tipo": "NOTA_SIMPLE",
          "grupo": "INMUEBLE",
          "bucket": "documentos",
          "ruta": "documentos/exp05/Nota_Simple.pdf",
          "nombreOriginal": "Nota_Simple.pdf",
          "mime": "application/pdf",
          "tamanoBytes": 2180,
          "hashSha256": "cfa6ddf19ef0f7f1865c92d2b524a2442b8d3173e6681a9edc62e303a3559c2e",
          "version": 1,
          "fechaSubida": "2025-12-24T03:02:10"
        },
        {
          "tipo": "CONTRATO_ARRAS_FIRMADO",
          "grupo": "ARRAS",
          "bucket": "contratos-pdf",
          "ruta": "contratos-pdf/exp05/ContratoArras_Firmado.pdf",
          "nombreOriginal": "ContratoArras_Firmado.pdf",
          "mime": "application/pdf",
          "tamanoBytes": 2123,
          "hashSha256": "98a8479605b3afff23a52859bd886afc2d8922258060374d8e399498fbff4c47",
          "version": 1,
          "fechaSubida": "2025-12-24T03:02:10"
        },
        {
          "tipo": "JUSTIFICANTE_PAGO_ARRAS",
          "grupo": "ARRAS",
          "bucket": "justificantes",
          "ruta": "justificantes/exp05/Justificante_Pago_Arras.pdf",
          "nombreOriginal": "Justificante_Pago_Arras.pdf",
          "mime": "application/pdf",
          "tamanoBytes": 2085,
          "hashSha256": "22c6bfd5d66da2ac93f58965b8477cf4882208089f746af363f56e2ba96d31b4",
          "version": 1,
          "fechaSubida": "2025-12-24T03:02:10"
        }
      ]
    },
    {
      "expediente": "exp06",
      "estado": "FIRMADO",
      "archivos": [
        {
          "tipo": "NOTA_SIMPLE",
          "grupo": "INMUEBLE",
          "bucket": "documentos",
          "ruta": "documentos/exp06/Nota_Simple.pdf",
          "nombreOriginal": "Nota_Simple.pdf",
          "mime": "application/pdf",
          "tamanoBytes": 2180,
          "hashSha256": "238c38bce91462547d6d586f3c3a6af0085fdddb265efd5ec098c9b78b5ce30e",
          "version": 1,
          "fechaSubida": "2025-12-24T03:02:10"
        },
        {
          "tipo": "CONTRATO_ARRAS_FIRMADO",
          "grupo": "ARRAS",
          "bucket": "contratos-pdf",
          "ruta": "contratos-pdf/exp06/ContratoArras_Firmado.pdf",
          "nombreOriginal": "ContratoArras_Firmado.pdf",
          "mime": "application/pdf",
          "tamanoBytes": 2121,
          "hashSha256": "f9865b09c2d6d685ad51154962820a8c996c1ada5caa7d04e8178d6358eab1b5",
          "version": 1,
          "fechaSubida": "2025-12-24T03:02:10"
        },
        {
          "tipo": "JUSTIFICANTE_PAGO_ARRAS",
          "grupo": "ARRAS",
          "bucket": "justificantes",
          "ruta": "justificantes/exp06/Justificante_Pago_Arras.pdf",
          "nombreOriginal": "Justificante_Pago_Arras.pdf",
          "mime": "application/pdf",
          "tamanoBytes": 2083,
          "hashSha256": "5827cdd099c68e66d3bb64487c3cf09e9901d688a5746fea837ce92ba1a9c140",
          "version": 1,
          "fechaSubida": "2025-12-24T03:02:10"
        }
      ]
    },
    {
      "expediente": "exp07",
      "estado": "NOTARIA",
      "archivos": [
        {
          "tipo": "NOTA_SIMPLE",
          "grupo": "INMUEBLE",
          "bucket": "documentos",
          "ruta": "documentos/exp07/Nota_Simple.pdf",
          "nombreOriginal": "Nota_Simple.pdf",
          "mime": "application/pdf",
          "tamanoBytes": 2180,
          "hashSha256": "affa53c47dc06b5c4501a1160c9470b4b2d89a9d773965ddb5afa416f65e9bb4",
          "version": 1,
          "fechaSubida": "2025-12-24T03:02:10"
        },
        {
          "tipo": "RECIBO_IBI",
          "grupo": "FISCAL",
          "bucket": "documentos",
          "ruta": "documentos/exp07/Recibo_IBI.pdf",
          "nombreOriginal": "Recibo_IBI.pdf",
          "mime": "application/pdf",
          "tamanoBytes": 2085,
          "hashSha256": "9032525983fd4375073188134770f9a9aa9f6dd9d924dd944959a6bc3ba3c86c",
          "version": 1,
          "fechaSubida": "2025-12-24T03:02:10"
        },
        {
          "tipo": "CEE",
          "grupo": "TECNICO",
          "bucket": "documentos",
          "ruta": "documentos/exp07/CEE.pdf",
          "nombreOriginal": "CEE.pdf",
          "mime": "application/pdf",
          "tamanoBytes": 2071,
          "hashSha256": "566329957ccce86b811fae1e1c2d0d769997e939a31ecf367b8fd4a285b4bbde",
          "version": 1,
          "fechaSubida": "2025-12-24T03:02:10"
        },
        {
          "tipo": "CERTIFICADO_COMUNIDAD",
          "grupo": "ADMINISTRATIVO",
          "bucket": "documentos",
          "ruta": "documentos/exp07/Certificado_Comunidad.pdf",
          "nombreOriginal": "Certificado_Comunidad.pdf",
          "mime": "application/pdf",
          "tamanoBytes": 2105,
          "hashSha256": "a283256f14c9a44dd219c20d9301c0fa82bac7cd55980e3c10106f06a64e9e99",
          "version": 1,
          "fechaSubida": "2025-12-24T03:02:10"
        },
        {
          "tipo": "CONTRATO_ARRAS_FIRMADO",
          "grupo": "ARRAS",
          "bucket": "contratos-pdf",
          "ruta": "contratos-pdf/exp07/ContratoArras_Firmado.pdf",
          "nombreOriginal": "ContratoArras_Firmado.pdf",
          "mime": "application/pdf",
          "tamanoBytes": 2129,
          "hashSha256": "c17318950c6b1e3480ab36e231f3563ea59fc9da0891b9b8cebe3f862f56429a",
          "version": 1,
          "fechaSubida": "2025-12-24T03:02:10"
        },
        {
          "tipo": "JUSTIFICANTE_PAGO_ARRAS",
          "grupo": "ARRAS",
          "bucket": "justificantes",
          "ruta": "justificantes/exp07/Justificante_Pago_Arras.pdf",
          "nombreOriginal": "Justificante_Pago_Arras.pdf",
          "mime": "application/pdf",
          "tamanoBytes": 2081,
          "hashSha256": "c950342c869af4954cebc6d383f167bd9baa3b32b23dc1a6a46dcabf141f7c2a",
          "version": 1,
          "fechaSubida": "2025-12-24T03:02:10"
        },
        {
          "tipo": "CONVOCATORIA_NOTARIA",
          "grupo": "NOTARIA",
          "bucket": "documentos",
          "ruta": "documentos/exp07/Convocatoria_Notaria.pdf",
          "nombreOriginal": "Convocatoria_Notaria.pdf",
          "mime": "application/pdf",
          "tamanoBytes": 2135,
          "hashSha256": "1b2bc0054a104f7f137737e79fc4622142523b33857920d5a65e5c186d32d2b1",
          "version": 1,
          "fechaSubida": "2025-12-24T03:02:10"
        },
        {
          "tipo": "MINUTA_ESCRITURA",
          "grupo": "NOTARIA",
          "bucket": "documentos",
          "ruta": "documentos/exp07/Minuta_Escritura.pdf",
          "nombreOriginal": "Minuta_Escritura.pdf",
          "mime": "application/pdf",
          "tamanoBytes": 2120,
          "hashSha256": "db4c8a63fde3100b28a330c1118533cb520219556d5d13ee6e34426c02c2c6cc",
          "version": 1,
          "fechaSubida": "2025-12-24T03:02:10"
        }
      ]
    },
    {
      "expediente": "exp08",
      "estado": "NOTARIA",
      "archivos": [
        {
          "tipo": "NOTA_SIMPLE",
          "grupo": "INMUEBLE",
          "bucket": "documentos",
          "ruta": "documentos/exp08/Nota_Simple.pdf",
          "nombreOriginal": "Nota_Simple.pdf",
          "mime": "application/pdf",
          "tamanoBytes": 2174,
          "hashSha256": "2df9fdc1ca1287cdb009e7c3c555e0edf6e77934ba06997e05b1adb911b3e21f",
          "version": 1,
          "fechaSubida": "2025-12-24T03:02:10"
        },
        {
          "tipo": "RECIBO_IBI",
          "grupo": "FISCAL",
          "bucket": "documentos",
          "ruta": "documentos/exp08/Recibo_IBI.pdf",
          "nombreOriginal": "Recibo_IBI.pdf",
          "mime": "application/pdf",
          "tamanoBytes": 2080,
          "hashSha256": "686b394107f344c111200c008d5b5836a3c1a1bae40cb350e906af126bf56f09",
          "version": 1,
          "fechaSubida": "2025-12-24T03:02:10"
        },
        {
          "tipo": "CEE",
          "grupo": "TECNICO",
          "bucket": "documentos",
          "ruta": "documentos/exp08/CEE.pdf",
          "nombreOriginal": "CEE.pdf",
          "mime": "application/pdf",
          "tamanoBytes": 2068,
          "hashSha256": "d380523f3b16ab0015bfd958da0e549fd7c1a8591682887b9a44ba8427763d65",
          "version": 1,
          "fechaSubida": "2025-12-24T03:02:10"
        },
        {
          "tipo": "CERTIFICADO_COMUNIDAD",
          "grupo": "ADMINISTRATIVO",
          "bucket": "documentos",
          "ruta": "documentos/exp08/Certificado_Comunidad.pdf",
          "nombreOriginal": "Certificado_Comunidad.pdf",
          "mime": "application/pdf",
          "tamanoBytes": 2099,
          "hashSha256": "42abbec996b9067806e6631241828f0c19779e98ebcafa04bfacb902b923b3c5",
          "version": 1,
          "fechaSubida": "2025-12-24T03:02:10"
        },
        {
          "tipo": "CONTRATO_ARRAS_FIRMADO",
          "grupo": "ARRAS",
          "bucket": "contratos-pdf",
          "ruta": "contratos-pdf/exp08/ContratoArras_Firmado.pdf",
          "nombreOriginal": "ContratoArras_Firmado.pdf",
          "mime": "application/pdf",
          "tamanoBytes": 2124,
          "hashSha256": "43eb87e8c3a6458527df5381b933e37f11196bb70fc9334e4985f1c48a76562a",
          "version": 1,
          "fechaSubida": "2025-12-24T03:02:10"
        },
        {
          "tipo": "JUSTIFICANTE_PAGO_ARRAS",
          "grupo": "ARRAS",
          "bucket": "justificantes",
          "ruta": "justificantes/exp08/Justificante_Pago_Arras.pdf",
          "nombreOriginal": "Justificante_Pago_Arras.pdf",
          "mime": "application/pdf",
          "tamanoBytes": 2078,
          "hashSha256": "35bb7d069a4870b3fd20f654ff16e16057f5ef3302c575df12bd2a2c221fba2f",
          "version": 1,
          "fechaSubida": "2025-12-24T03:02:10"
        },
        {
          "tipo": "CONVOCATORIA_NOTARIA",
          "grupo": "NOTARIA",
          "bucket": "documentos",
          "ruta": "documentos/exp08/Convocatoria_Notaria.pdf",
          "nombreOriginal": "Convocatoria_Notaria.pdf",
          "mime": "application/pdf",
          "tamanoBytes": 2130,
          "hashSha256": "4912cca8b5dc0d61dfe3a494955480cae5f3040b23920e937da29ecb0e22ca63",
          "version": 1,
          "fechaSubida": "2025-12-24T03:02:10"
        },
        {
          "tipo": "MINUTA_ESCRITURA",
          "grupo": "NOTARIA",
          "bucket": "documentos",
          "ruta": "documentos/exp08/Minuta_Escritura.pdf",
          "nombreOriginal": "Minuta_Escritura.pdf",
          "mime": "application/pdf",
          "tamanoBytes": 2114,
          "hashSha256": "0f002c6760c71228ed15b31df2dda0020e15c14d288f85af6494e298586d3abd",
          "version": 1,
          "fechaSubida": "2025-12-24T03:02:10"
        }
      ]
    },
    {
      "expediente": "exp09",
      "estado": "NOTARIA",
      "archivos": [
        {
          "tipo": "NOTA_SIMPLE",
          "grupo": "INMUEBLE",
          "bucket": "documentos",
          "ruta": "documentos/exp09/Nota_Simple.pdf",
          "nombreOriginal": "Nota_Simple.pdf",
          "mime": "application/pdf",
          "tamanoBytes": 2174,
          "hashSha256": "3e02bd76e655666efcfc9533d244b25e3da33b61b073b26510828962eaeb9611",
          "version": 1,
          "fechaSubida": "2025-12-24T03:02:10"
        },
        {
          "tipo": "RECIBO_IBI",
          "grupo": "FISCAL",
          "bucket": "documentos",
          "ruta": "documentos/exp09/Recibo_IBI.pdf",
          "nombreOriginal": "Recibo_IBI.pdf",
          "mime": "application/pdf",
          "tamanoBytes": 2080,
          "hashSha256": "ff51d7e4e9f815f9c7f1ee7ba62978b1f29955636cae5d2933232735bbecb72b",
          "version": 1,
          "fechaSubida": "2025-12-24T03:02:10"
        },
        {
          "tipo": "CEE",
          "grupo": "TECNICO",
          "bucket": "documentos",
          "ruta": "documentos/exp09/CEE.pdf",
          "nombreOriginal": "CEE.pdf",
          "mime": "application/pdf",
          "tamanoBytes": 2068,
          "hashSha256": "e861fbb2880ac9d093b88f5a37fb799de8bfe0d51dcc1a6e0156388b5176ad09",
          "version": 1,
          "fechaSubida": "2025-12-24T03:02:11"
        },
        {
          "tipo": "CERTIFICADO_COMUNIDAD",
          "grupo": "ADMINISTRATIVO",
          "bucket": "documentos",
          "ruta": "documentos/exp09/Certificado_Comunidad.pdf",
          "nombreOriginal": "Certificado_Comunidad.pdf",
          "mime": "application/pdf",
          "tamanoBytes": 2099,
          "hashSha256": "aa19d426872bbc8a881f7a45c4769cb4d92ccdcfa5eb2c814e0aad3e0889770e",
          "version": 1,
          "fechaSubida": "2025-12-24T03:02:11"
        },
        {
          "tipo": "CONTRATO_ARRAS_FIRMADO",
          "grupo": "ARRAS",
          "bucket": "contratos-pdf",
          "ruta": "contratos-pdf/exp09/ContratoArras_Firmado.pdf",
          "nombreOriginal": "ContratoArras_Firmado.pdf",
          "mime": "application/pdf",
          "tamanoBytes": 2123,
          "hashSha256": "ecec52021efc85a60e5a91cea98ba6f18b368852a0d9d696bc399f7463e57f6f",
          "version": 1,
          "fechaSubida": "2025-12-24T03:02:11"
        },
        {
          "tipo": "JUSTIFICANTE_PAGO_ARRAS",
          "grupo": "ARRAS",
          "bucket": "justificantes",
          "ruta": "justificantes/exp09/Justificante_Pago_Arras.pdf",
          "nombreOriginal": "Justificante_Pago_Arras.pdf",
          "mime": "application/pdf",
          "tamanoBytes": 2078,
          "hashSha256": "95e80660bde4c8dfa1c31ecd4c1c08babb5191975792779f28871792b1c44493",
          "version": 1,
          "fechaSubida": "2025-12-24T03:02:11"
        },
        {
          "tipo": "CONVOCATORIA_NOTARIA",
          "grupo": "NOTARIA",
          "bucket": "documentos",
          "ruta": "documentos/exp09/Convocatoria_Notaria.pdf",
          "nombreOriginal": "Convocatoria_Notaria.pdf",
          "mime": "application/pdf",
          "tamanoBytes": 2129,
          "hashSha256": "2ba67318afe6156510fac7d6f8254d49f707cbb074dc2747d10d466b1dde3388",
          "version": 1,
          "fechaSubida": "2025-12-24T03:02:11"
        },
        {
          "tipo": "MINUTA_ESCRITURA",
          "grupo": "NOTARIA",
          "bucket": "documentos",
          "ruta": "documentos/exp09/Minuta_Escritura.pdf",
          "nombreOriginal": "Minuta_Escritura.pdf",
          "mime": "application/pdf",
          "tamanoBytes": 2115,
          "hashSha256": "c81b864c186fc5d4d088fadf1617694af0662b6e58a6ec9e08159d2dc558a871",
          "version": 1,
          "fechaSubida": "2025-12-24T03:02:11"
        }
      ]
    },
    {
      "expediente": "exp10",
      "estado": "TERMINADO",
      "archivos": [
        {
          "tipo": "NOTA_SIMPLE",
          "grupo": "INMUEBLE",
          "bucket": "documentos",
          "ruta": "documentos/exp10/Nota_Simple.pdf",
          "nombreOriginal": "Nota_Simple.pdf",
          "mime": "application/pdf",
          "tamanoBytes": 2180,
          "hashSha256": "68fe5dc09b595da18642160f2c99799722432fde425a8bffec594f2f08a2f4a8",
          "version": 1,
          "fechaSubida": "2025-12-24T03:02:11"
        },
        {
          "tipo": "RECIBO_IBI",
          "grupo": "FISCAL",
          "bucket": "documentos",
          "ruta": "documentos/exp10/Recibo_IBI.pdf",
          "nombreOriginal": "Recibo_IBI.pdf",
          "mime": "application/pdf",
          "tamanoBytes": 2084,
          "hashSha256": "73f0ec40c4a205fc984464b641f52726a0e9d793c368e095f2488392e8ac2a8d",
          "version": 1,
          "fechaSubida": "2025-12-24T03:02:11"
        },
        {
          "tipo": "CEE",
          "grupo": "TECNICO",
          "bucket": "documentos",
          "ruta": "documentos/exp10/CEE.pdf",
          "nombreOriginal": "CEE.pdf",
          "mime": "application/pdf",
          "tamanoBytes": 2068,
          "hashSha256": "d40a2ca376ca2d1e3b91e436bcc0af9d9e03537274a317a2dec34e5dd4c11697",
          "version": 1,
          "fechaSubida": "2025-12-24T03:02:11"
        },
        {
          "tipo": "CERTIFICADO_COMUNIDAD",
          "grupo": "ADMINISTRATIVO",
          "bucket": "documentos",
          "ruta": "documentos/exp10/Certificado_Comunidad.pdf",
          "nombreOriginal": "Certificado_Comunidad.pdf",
          "mime": "application/pdf",
          "tamanoBytes": 2100,
          "hashSha256": "238bce73551a950b11a447ed083b5a11417a10f8a84e9e281240afc12a6046b7",
          "version": 1,
          "fechaSubida": "2025-12-24T03:02:11"
        },
        {
          "tipo": "CONTRATO_ARRAS_FIRMADO",
          "grupo": "ARRAS",
          "bucket": "contratos-pdf",
          "ruta": "contratos-pdf/exp10/ContratoArras_Firmado.pdf",
          "nombreOriginal": "ContratoArras_Firmado.pdf",
          "mime": "application/pdf",
          "tamanoBytes": 2128,
          "hashSha256": "08bd3e07e4108ec1886395a6b47981e20bd525760546d3e3252af2dfb0210bd1",
          "version": 1,
          "fechaSubida": "2025-12-24T03:02:11"
        },
        {
          "tipo": "JUSTIFICANTE_PAGO_ARRAS",
          "grupo": "ARRAS",
          "bucket": "justificantes",
          "ruta": "justificantes/exp10/Justificante_Pago_Arras.pdf",
          "nombreOriginal": "Justificante_Pago_Arras.pdf",
          "mime": "application/pdf",
          "tamanoBytes": 2080,
          "hashSha256": "b8f5b79ba5969ac25aaa7c9444281254f0340ed59c9776bcbff34462a61c8c9f",
          "version": 1,
          "fechaSubida": "2025-12-24T03:02:11"
        },
        {
          "tipo": "CONVOCATORIA_NOTARIA",
          "grupo": "NOTARIA",
          "bucket": "documentos",
          "ruta": "documentos/exp10/Convocatoria_Notaria.pdf",
          "nombreOriginal": "Convocatoria_Notaria.pdf",
          "mime": "application/pdf",
          "tamanoBytes": 2140,
          "hashSha256": "0d66fd982f3c68d0ebf9dee03c1e11bd394c7fbd0dfa5ad94a0bf3269ebc3651",
          "version": 1,
          "fechaSubida": "2025-12-24T03:02:11"
        },
        {
          "tipo": "MINUTA_ESCRITURA",
          "grupo": "NOTARIA",
          "bucket": "documentos",
          "ruta": "documentos/exp10/Minuta_Escritura.pdf",
          "nombreOriginal": "Minuta_Escritura.pdf",
          "mime": "application/pdf",
          "tamanoBytes": 2124,
          "hashSha256": "56a5e08b2784c52385250dbd22ff6a39c10115bf1162a7b311778d6e44e1d519",
          "version": 1,
          "fechaSubida": "2025-12-24T03:02:11"
        },
        {
          "tipo": "ESCRITURA_COMPRAVENTA_FIRMADA",
          "grupo": "CIERRE",
          "bucket": "documentos",
          "ruta": "documentos/exp10/Escritura_Compraventa.pdf",
          "nombreOriginal": "Escritura_Compraventa.pdf",
          "mime": "application/pdf",
          "tamanoBytes": 2130,
          "hashSha256": "399c7e659cdbf7497c386dcb76dd886a0a6af5e0979a42bdf0b47a49200c5b83",
          "version": 1,
          "fechaSubida": "2025-12-24T03:02:11"
        }
      ]
    },
    {
      "expediente": "exp11",
      "estado": "TERMINADO",
      "archivos": [
        {
          "tipo": "NOTA_SIMPLE",
          "grupo": "INMUEBLE",
          "bucket": "documentos",
          "ruta": "documentos/exp11/Nota_Simple.pdf",
          "nombreOriginal": "Nota_Simple.pdf",
          "mime": "application/pdf",
          "tamanoBytes": 2180,
          "hashSha256": "c88ebb49d1a4a6fd69fce45661110f533a2cc3c4a115953c110a45ed78c09eee",
          "version": 1,
          "fechaSubida": "2025-12-24T03:02:11"
        },
        {
          "tipo": "RECIBO_IBI",
          "grupo": "FISCAL",
          "bucket": "documentos",
          "ruta": "documentos/exp11/Recibo_IBI.pdf",
          "nombreOriginal": "Recibo_IBI.pdf",
          "mime": "application/pdf",
          "tamanoBytes": 2086,
          "hashSha256": "e14650a3074f65c7c743bb4cef38dea9acadf69c895d0c07a4eb83cf3851951b",
          "version": 1,
          "fechaSubida": "2025-12-24T03:02:11"
        },
        {
          "tipo": "CEE",
          "grupo": "TECNICO",
          "bucket": "documentos",
          "ruta": "documentos/exp11/CEE.pdf",
          "nombreOriginal": "CEE.pdf",
          "mime": "application/pdf",
          "tamanoBytes": 2073,
          "hashSha256": "e1cd25eae9d95695fafc12d52029dea280e61fbb81ca7fc38adf15deb563a782",
          "version": 1,
          "fechaSubida": "2025-12-24T03:02:11"
        },
        {
          "tipo": "CERTIFICADO_COMUNIDAD",
          "grupo": "ADMINISTRATIVO",
          "bucket": "documentos",
          "ruta": "documentos/exp11/Certificado_Comunidad.pdf",
          "nombreOriginal": "Certificado_Comunidad.pdf",
          "mime": "application/pdf",
          "tamanoBytes": 2101,
          "hashSha256": "6814c5a7e9767c65d7981ae41114a76a32b49601a2f9e154ce5bc32da835313d",
          "version": 1,
          "fechaSubida": "2025-12-24T03:02:11"
        },
        {
          "tipo": "CONTRATO_ARRAS_FIRMADO",
          "grupo": "ARRAS",
          "bucket": "contratos-pdf",
          "ruta": "contratos-pdf/exp11/ContratoArras_Firmado.pdf",
          "nombreOriginal": "ContratoArras_Firmado.pdf",
          "mime": "application/pdf",
          "tamanoBytes": 2130,
          "hashSha256": "b0b2adf114f61d2c9747909871d5d2475372d99ac110144ed67664692c3040d3",
          "version": 1,
          "fechaSubida": "2025-12-24T03:02:11"
        },
        {
          "tipo": "JUSTIFICANTE_PAGO_ARRAS",
          "grupo": "ARRAS",
          "bucket": "justificantes",
          "ruta": "justificantes/exp11/Justificante_Pago_Arras.pdf",
          "nombreOriginal": "Justificante_Pago_Arras.pdf",
          "mime": "application/pdf",
          "tamanoBytes": 2086,
          "hashSha256": "b66b5af9cef36aa80ee3f95bc7112307138c07dc5bf1a7c28d102ac0793abaed",
          "version": 1,
          "fechaSubida": "2025-12-24T03:02:11"
        },
        {
          "tipo": "CONVOCATORIA_NOTARIA",
          "grupo": "NOTARIA",
          "bucket": "documentos",
          "ruta": "documentos/exp11/Convocatoria_Notaria.pdf",
          "nombreOriginal": "Convocatoria_Notaria.pdf",
          "mime": "application/pdf",
          "tamanoBytes": 2143,
          "hashSha256": "27c887938c521464ade5832c56ce31b0f62c3a39d50544d820e10473b7863640",
          "version": 1,
          "fechaSubida": "2025-12-24T03:02:11"
        },
        {
          "tipo": "MINUTA_ESCRITURA",
          "grupo": "NOTARIA",
          "bucket": "documentos",
          "ruta": "documentos/exp11/Minuta_Escritura.pdf",
          "nombreOriginal": "Minuta_Escritura.pdf",
          "mime": "application/pdf",
          "tamanoBytes": 2126,
          "hashSha256": "8dbe617f39343004d2a35cafa27e55b33c05716400405777b68209cb46026df1",
          "version": 1,
          "fechaSubida": "2025-12-24T03:02:11"
        },
        {
          "tipo": "ESCRITURA_COMPRAVENTA_FIRMADA",
          "grupo": "CIERRE",
          "bucket": "documentos",
          "ruta": "documentos/exp11/Escritura_Compraventa.pdf",
          "nombreOriginal": "Escritura_Compraventa.pdf",
          "mime": "application/pdf",
          "tamanoBytes": 2133,
          "hashSha256": "836fc40406833ffdcd7bd46a8e421880546ba4b20200a7da8d53860c2b7962a6",
          "version": 1,
          "fechaSubida": "2025-12-24T03:02:11"
        }
      ]
    },
    {
      "expediente": "exp12",
      "estado": "LITIGIO",
      "archivos": [
        {
          "tipo": "NOTA_SIMPLE",
          "grupo": "INMUEBLE",
          "bucket": "documentos",
          "ruta": "documentos/exp12/Nota_Simple.pdf",
          "nombreOriginal": "Nota_Simple.pdf",
          "mime": "application/pdf",
          "tamanoBytes": 2175,
          "hashSha256": "46d489d1007d392fa16ff770bf3fb0b63a56629bb0bd89bda34b5bce061950c1",
          "version": 1,
          "fechaSubida": "2025-12-24T03:02:11"
        },
        {
          "tipo": "RECIBO_IBI",
          "grupo": "FISCAL",
          "bucket": "documentos",
          "ruta": "documentos/exp12/Recibo_IBI.pdf",
          "nombreOriginal": "Recibo_IBI.pdf",
          "mime": "application/pdf",
          "tamanoBytes": 2079,
          "hashSha256": "bbeb1fb945f0e74418c4e35741bd91b37f83dea085b30045f8a102df4ca24c0f",
          "version": 1,
          "fechaSubida": "2025-12-24T03:02:11"
        },
        {
          "tipo": "CEE",
          "grupo": "TECNICO",
          "bucket": "documentos",
          "ruta": "documentos/exp12/CEE.pdf",
          "nombreOriginal": "CEE.pdf",
          "mime": "application/pdf",
          "tamanoBytes": 2066,
          "hashSha256": "3e7d6315fb484e28dbef0d317a5816ffd6a7ea98c0412941b67c6f02b91dfbed",
          "version": 1,
          "fechaSubida": "2025-12-24T03:02:11"
        },
        {
          "tipo": "CERTIFICADO_COMUNIDAD",
          "grupo": "ADMINISTRATIVO",
          "bucket": "documentos",
          "ruta": "documentos/exp12/Certificado_Comunidad.pdf",
          "nombreOriginal": "Certificado_Comunidad.pdf",
          "mime": "application/pdf",
          "tamanoBytes": 2099,
          "hashSha256": "7a1f18da9b41e88b8738e955f14258d9f74ea684ff93e8edca169db5b53992dd",
          "version": 1,
          "fechaSubida": "2025-12-24T03:02:11"
        },
        {
          "tipo": "CONTRATO_ARRAS_FIRMADO",
          "grupo": "ARRAS",
          "bucket": "contratos-pdf",
          "ruta": "contratos-pdf/exp12/ContratoArras_Firmado.pdf",
          "nombreOriginal": "ContratoArras_Firmado.pdf",
          "mime": "application/pdf",
          "tamanoBytes": 2124,
          "hashSha256": "ccb356d37b368e947bab1a63d029d0763a56995f2df723c461b8ef0c9d7ae4ed",
          "version": 1,
          "fechaSubida": "2025-12-24T03:02:11"
        },
        {
          "tipo": "JUSTIFICANTE_PAGO_ARRAS",
          "grupo": "ARRAS",
          "bucket": "justificantes",
          "ruta": "justificantes/exp12/Justificante_Pago_Arras.pdf",
          "nombreOriginal": "Justificante_Pago_Arras.pdf",
          "mime": "application/pdf",
          "tamanoBytes": 2081,
          "hashSha256": "ef6b9a7e771632f40b566ac47760ae91ee499bfdd5e5fb5a5e957202dfcbb18b",
          "version": 1,
          "fechaSubida": "2025-12-24T03:02:11"
        },
        {
          "tipo": "CONVOCATORIA_NOTARIA",
          "grupo": "NOTARIA",
          "bucket": "documentos",
          "ruta": "documentos/exp12/Convocatoria_Notaria.pdf",
          "nombreOriginal": "Convocatoria_Notaria.pdf",
          "mime": "application/pdf",
          "tamanoBytes": 2136,
          "hashSha256": "3fc1ae1f3281c780e4eae59f0fa86f34daeef00bcce45992198722d5eacff578",
          "version": 1,
          "fechaSubida": "2025-12-24T03:02:11"
        },
        {
          "tipo": "MINUTA_ESCRITURA",
          "grupo": "NOTARIA",
          "bucket": "documentos",
          "ruta": "documentos/exp12/Minuta_Escritura.pdf",
          "nombreOriginal": "Minuta_Escritura.pdf",
          "mime": "application/pdf",
          "tamanoBytes": 2124,
          "hashSha256": "1ee3a9f2e9afd8906b4a0360679c1fcc15d10da398e17dc9c65b978af37a2e12",
          "version": 1,
          "fechaSubida": "2025-12-24T03:02:11"
        },
        {
          "tipo": "ACTA_NO_COMPARECENCIA",
          "grupo": "LEGAL",
          "bucket": "documentos",
          "ruta": "documentos/exp12/Acta_No_Comparecencia.pdf",
          "nombreOriginal": "Acta_No_Comparecencia.pdf",
          "mime": "application/pdf",
          "tamanoBytes": 2108,
          "hashSha256": "b9a3e09c552709c4483899bb32b4117b1a2af312044df351af297dcc36765a4a",
          "version": 1,
          "fechaSubida": "2025-12-24T03:02:11"
        },
        {
          "tipo": "CERTIFICADO_EVENTOS",
          "grupo": "LEGAL",
          "bucket": "documentos",
          "ruta": "documentos/exp12/Certificado_Eventos.pdf",
          "nombreOriginal": "Certificado_Eventos.pdf",
          "mime": "application/pdf",
          "tamanoBytes": 2091,
          "hashSha256": "0f54885c418966e8d310a5898f9402a568b4a1d6a6b3232168b8120cb8848544",
          "version": 1,
          "fechaSubida": "2025-12-24T03:02:11"
        }
      ]
    },
    {
      "expediente": "exp13",
      "estado": "LITIGIO",
      "archivos": [
        {
          "tipo": "NOTA_SIMPLE",
          "grupo": "INMUEBLE",
          "bucket": "documentos",
          "ruta": "documentos/exp13/Nota_Simple.pdf",
          "nombreOriginal": "Nota_Simple.pdf",
          "mime": "application/pdf",
          "tamanoBytes": 2178,
          "hashSha256": "f51df9838b6b1cd800dc153131277426d9152cd53e1f162e6353769ca6e5701b",
          "version": 1,
          "fechaSubida": "2025-12-24T03:02:11"
        },
        {
          "tipo": "RECIBO_IBI",
          "grupo": "FISCAL",
          "bucket": "documentos",
          "ruta": "documentos/exp13/Recibo_IBI.pdf",
          "nombreOriginal": "Recibo_IBI.pdf",
          "mime": "application/pdf",
          "tamanoBytes": 2083,
          "hashSha256": "c6f00e628cdf08eaa49633a90ce8694f44a51df267ea94f554191b5b455cfbb1",
          "version": 1,
          "fechaSubida": "2025-12-24T03:02:11"
        },
        {
          "tipo": "CEE",
          "grupo": "TECNICO",
          "bucket": "documentos",
          "ruta": "documentos/exp13/CEE.pdf",
          "nombreOriginal": "CEE.pdf",
          "mime": "application/pdf",
          "tamanoBytes": 2070,
          "hashSha256": "2521c4532678c4c6e39fa314ac19110445aaca9f19a21bd0a90b4e75f6b9cfc5",
          "version": 1,
          "fechaSubida": "2025-12-24T03:02:11"
        },
        {
          "tipo": "CERTIFICADO_COMUNIDAD",
          "grupo": "ADMINISTRATIVO",
          "bucket": "documentos",
          "ruta": "documentos/exp13/Certificado_Comunidad.pdf",
          "nombreOriginal": "Certificado_Comunidad.pdf",
          "mime": "application/pdf",
          "tamanoBytes": 2104,
          "hashSha256": "a27b928563ca4687cb1c063affcec05f49d3c4812246141fcd0a891428153a35",
          "version": 1,
          "fechaSubida": "2025-12-24T03:02:11"
        },
        {
          "tipo": "CONTRATO_ARRAS_FIRMADO",
          "grupo": "ARRAS",
          "bucket": "contratos-pdf",
          "ruta": "contratos-pdf/exp13/ContratoArras_Firmado.pdf",
          "nombreOriginal": "ContratoArras_Firmado.pdf",
          "mime": "application/pdf",
          "tamanoBytes": 2126,
          "hashSha256": "8a20a1a5d3f9f497c0fb101b8fed7446c2f7a2e233962c2148b8cb76b96fc992",
          "version": 1,
          "fechaSubida": "2025-12-24T03:02:11"
        },
        {
          "tipo": "JUSTIFICANTE_PAGO_ARRAS",
          "grupo": "ARRAS",
          "bucket": "justificantes",
          "ruta": "justificantes/exp13/Justificante_Pago_Arras.pdf",
          "nombreOriginal": "Justificante_Pago_Arras.pdf",
          "mime": "application/pdf",
          "tamanoBytes": 2080,
          "hashSha256": "a3a8cb67a602ecc15605fd7ea4f16cd7fc1f383b20b5b520193eab67d0333118",
          "version": 1,
          "fechaSubida": "2025-12-24T03:02:11"
        },
        {
          "tipo": "CONVOCATORIA_NOTARIA",
          "grupo": "NOTARIA",
          "bucket": "documentos",
          "ruta": "documentos/exp13/Convocatoria_Notaria.pdf",
          "nombreOriginal": "Convocatoria_Notaria.pdf",
          "mime": "application/pdf",
          "tamanoBytes": 2141,
          "hashSha256": "01c6a652e1a616b015a8bd9b7d7bae013ead5d434fc5f6d9e794607bf3417dfa",
          "version": 1,
          "fechaSubida": "2025-12-24T03:02:11"
        },
        {
          "tipo": "MINUTA_ESCRITURA",
          "grupo": "NOTARIA",
          "bucket": "documentos",
          "ruta": "documentos/exp13/Minuta_Escritura.pdf",
          "nombreOriginal": "Minuta_Escritura.pdf",
          "mime": "application/pdf",
          "tamanoBytes": 2126,
          "hashSha256": "74c9e1f94563c2619a2747e669dbc14ec2127e0e6319220a690ddb5a81007fa9",
          "version": 1,
          "fechaSubida": "2025-12-24T03:02:11"
        },
        {
          "tipo": "ACTA_NO_COMPARECENCIA",
          "grupo": "LEGAL",
          "bucket": "documentos",
          "ruta": "documentos/exp13/Acta_No_Comparecencia.pdf",
          "nombreOriginal": "Acta_No_Comparecencia.pdf",
          "mime": "application/pdf",
          "tamanoBytes": 2114,
          "hashSha256": "d1a9785d608a70db526995fa62ea7662b855a2e8d8a5652286ae47e852cb8001",
          "version": 1,
          "fechaSubida": "2025-12-24T03:02:11"
        },
        {
          "tipo": "CERTIFICADO_EVENTOS",
          "grupo": "LEGAL",
          "bucket": "documentos",
          "ruta": "documentos/exp13/Certificado_Eventos.pdf",
          "nombreOriginal": "Certificado_Eventos.pdf",
          "mime": "application/pdf",
          "tamanoBytes": 2093,
          "hashSha256": "0105ad5451e50d0fa66825349c3047bef4971c5a78f7492d04db25a98d99624e",
          "version": 1,
          "fechaSubida": "2025-12-24T03:02:11"
        }
      ]
    },
    {
      "expediente": "exp14",
      "estado": "LITIGIO",
      "archivos": [
        {
          "tipo": "NOTA_SIMPLE",
          "grupo": "INMUEBLE",
          "bucket": "documentos",
          "ruta": "documentos/exp14/Nota_Simple.pdf",
          "nombreOriginal": "Nota_Simple.pdf",
          "mime": "application/pdf",
          "tamanoBytes": 2179,
          "hashSha256": "68501b59812243a216741b9516bbf568e0490a381a697bccfc27d7831b4c3860",
          "version": 1,
          "fechaSubida": "2025-12-24T03:02:11"
        },
        {
          "tipo": "RECIBO_IBI",
          "grupo": "FISCAL",
          "bucket": "documentos",
          "ruta": "documentos/exp14/Recibo_IBI.pdf",
          "nombreOriginal": "Recibo_IBI.pdf",
          "mime": "application/pdf",
          "tamanoBytes": 2083,
          "hashSha256": "81d1f274e8e15206de29125e96a76584d47bea5a806491929b3f20a09119d6aa",
          "version": 1,
          "fechaSubida": "2025-12-24T03:02:11"
        },
        {
          "tipo": "CEE",
          "grupo": "TECNICO",
          "bucket": "documentos",
          "ruta": "documentos/exp14/CEE.pdf",
          "nombreOriginal": "CEE.pdf",
          "mime": "application/pdf",
          "tamanoBytes": 2071,
          "hashSha256": "c2f9fc0891e0f08ba65b34a6eb43a8ebef42d872aacb1190b42a4ecec3e4ca55",
          "version": 1,
          "fechaSubida": "2025-12-24T03:02:11"
        },
        {
          "tipo": "CERTIFICADO_COMUNIDAD",
          "grupo": "ADMINISTRATIVO",
          "bucket": "documentos",
          "ruta": "documentos/exp14/Certificado_Comunidad.pdf",
          "nombreOriginal": "Certificado_Comunidad.pdf",
          "mime": "application/pdf",
          "tamanoBytes": 2104,
          "hashSha256": "a7e24432db564cb681b05a2555092409a95cadf644f51037b5c1a97a2f28139c",
          "version": 1,
          "fechaSubida": "2025-12-24T03:02:11"
        },
        {
          "tipo": "CONTRATO_ARRAS_FIRMADO",
          "grupo": "ARRAS",
          "bucket": "contratos-pdf",
          "ruta": "contratos-pdf/exp14/ContratoArras_Firmado.pdf",
          "nombreOriginal": "ContratoArras_Firmado.pdf",
          "mime": "application/pdf",
          "tamanoBytes": 2128,
          "hashSha256": "58eafb8eb41f3378168d43447e5521eab5b1c782879128a23506d63d912b41b0",
          "version": 1,
          "fechaSubida": "2025-12-24T03:02:11"
        },
        {
          "tipo": "JUSTIFICANTE_PAGO_ARRAS",
          "grupo": "ARRAS",
          "bucket": "justificantes",
          "ruta": "justificantes/exp14/Justificante_Pago_Arras.pdf",
          "nombreOriginal": "Justificante_Pago_Arras.pdf",
          "mime": "application/pdf",
          "tamanoBytes": 2083,
          "hashSha256": "deb121c0d1e0546e42c7f9f9767afb186bf6fd21e53515c9d0a1b23bc52c4f2a",
          "version": 1,
          "fechaSubida": "2025-12-24T03:02:11"
        },
        {
          "tipo": "CONVOCATORIA_NOTARIA",
          "grupo": "NOTARIA",
          "bucket": "documentos",
          "ruta": "documentos/exp14/Convocatoria_Notaria.pdf",
          "nombreOriginal": "Convocatoria_Notaria.pdf",
          "mime": "application/pdf",
          "tamanoBytes": 2140,
          "hashSha256": "5871c862d1db5995d58512049b8d05b3741f58791ff15f8b653ee133a1b13e40",
          "version": 1,
          "fechaSubida": "2025-12-24T03:02:11"
        },
        {
          "tipo": "MINUTA_ESCRITURA",
          "grupo": "NOTARIA",
          "bucket": "documentos",
          "ruta": "documentos/exp14/Minuta_Escritura.pdf",
          "nombreOriginal": "Minuta_Escritura.pdf",
          "mime": "application/pdf",
          "tamanoBytes": 2128,
          "hashSha256": "b01c9d678193fc446e5e03bc4dade815938c4350187d81bf30d50e2cbfae640e",
          "version": 1,
          "fechaSubida": "2025-12-24T03:02:11"
        },
        {
          "tipo": "ACTA_NO_COMPARECENCIA",
          "grupo": "LEGAL",
          "bucket": "documentos",
          "ruta": "documentos/exp14/Acta_No_Comparecencia.pdf",
          "nombreOriginal": "Acta_No_Comparecencia.pdf",
          "mime": "application/pdf",
          "tamanoBytes": 2115,
          "hashSha256": "1e5a23eeef2dac63c55bd168c7470563c3fd02c6cb4b4220395bad1ec0771af1",
          "version": 1,
          "fechaSubida": "2025-12-24T03:02:11"
        },
        {
          "tipo": "CERTIFICADO_EVENTOS",
          "grupo": "LEGAL",
          "bucket": "documentos",
          "ruta": "documentos/exp14/Certificado_Eventos.pdf",
          "nombreOriginal": "Certificado_Eventos.pdf",
          "mime": "application/pdf",
          "tamanoBytes": 2095,
          "hashSha256": "1d1429db7484179f240d62797439dd55990f4d171805130dbd49b72c16f3536e",
          "version": 1,
          "fechaSubida": "2025-12-24T03:02:11"
        }
      ]
    },
    {
      "expediente": "exp15",
      "estado": "TERMINADO",
      "archivos": [
        {
          "tipo": "NOTA_SIMPLE",
          "grupo": "INMUEBLE",
          "bucket": "documentos",
          "ruta": "documentos/exp15/Nota_Simple.pdf",
          "nombreOriginal": "Nota_Simple.pdf",
          "mime": "application/pdf",
          "tamanoBytes": 2183,
          "hashSha256": "520eb779502f1b0bfd0a263404c8e850c7f7be6f695f4054271f8214c40dca39",
          "version": 1,
          "fechaSubida": "2025-12-24T03:02:11"
        },
        {
          "tipo": "RECIBO_IBI",
          "grupo": "FISCAL",
          "bucket": "documentos",
          "ruta": "documentos/exp15/Recibo_IBI.pdf",
          "nombreOriginal": "Recibo_IBI.pdf",
          "mime": "application/pdf",
          "tamanoBytes": 2085,
          "hashSha256": "9263f141d8fcf9313ee6f60f60f4e93d83176d8c4fa3f8a82e159ce891866c9b",
          "version": 1,
          "fechaSubida": "2025-12-24T03:02:11"
        },
        {
          "tipo": "CEE",
          "grupo": "TECNICO",
          "bucket": "documentos",
          "ruta": "documentos/exp15/CEE.pdf",
          "nombreOriginal": "CEE.pdf",
          "mime": "application/pdf",
          "tamanoBytes": 2070,
          "hashSha256": "7628182fcd79655aaa800f26d20a61221b50741dc024f6b1e03a790e48837253",
          "version": 1,
          "fechaSubida": "2025-12-24T03:02:11"
        },
        {
          "tipo": "CERTIFICADO_COMUNIDAD",
          "grupo": "ADMINISTRATIVO",
          "bucket": "documentos",
          "ruta": "documentos/exp15/Certificado_Comunidad.pdf",
          "nombreOriginal": "Certificado_Comunidad.pdf",
          "mime": "application/pdf",
          "tamanoBytes": 2100,
          "hashSha256": "de753b520410d33567d1dfaec6059741ad78c1c2b394da2723623decf821c2d5",
          "version": 1,
          "fechaSubida": "2025-12-24T03:02:11"
        },
        {
          "tipo": "CONTRATO_ARRAS_FIRMADO",
          "grupo": "ARRAS",
          "bucket": "contratos-pdf",
          "ruta": "contratos-pdf/exp15/ContratoArras_Firmado.pdf",
          "nombreOriginal": "ContratoArras_Firmado.pdf",
          "mime": "application/pdf",
          "tamanoBytes": 2128,
          "hashSha256": "a182b841b227b88120d65cb92518b93e0a1896d5a56c186796c9b1797a431509",
          "version": 1,
          "fechaSubida": "2025-12-24T03:02:11"
        },
        {
          "tipo": "JUSTIFICANTE_PAGO_ARRAS",
          "grupo": "ARRAS",
          "bucket": "justificantes",
          "ruta": "justificantes/exp15/Justificante_Pago_Arras.pdf",
          "nombreOriginal": "Justificante_Pago_Arras.pdf",
          "mime": "application/pdf",
          "tamanoBytes": 2081,
          "hashSha256": "11707b60ae611bac99a044c8dcea7cf5d2ccc5563d3e5147df39df7c28e223b0",
          "version": 1,
          "fechaSubida": "2025-12-24T03:02:11"
        },
        {
          "tipo": "CONVOCATORIA_NOTARIA",
          "grupo": "NOTARIA",
          "bucket": "documentos",
          "ruta": "documentos/exp15/Convocatoria_Notaria.pdf",
          "nombreOriginal": "Convocatoria_Notaria.pdf",
          "mime": "application/pdf",
          "tamanoBytes": 2141,
          "hashSha256": "fdd64853bbb2b5160dece78439ade56bf6eaab91002aefb90c91dcba67f16e5b",
          "version": 1,
          "fechaSubida": "2025-12-24T03:02:11"
        },
        {
          "tipo": "MINUTA_ESCRITURA",
          "grupo": "NOTARIA",
          "bucket": "documentos",
          "ruta": "documentos/exp15/Minuta_Escritura.pdf",
          "nombreOriginal": "Minuta_Escritura.pdf",
          "mime": "application/pdf",
          "tamanoBytes": 2126,
          "hashSha256": "5f6909943bb6cacfee14a7a1bdd114deee07caa338fabcae03f1d39704e6f961",
          "version": 1,
          "fechaSubida": "2025-12-24T03:02:11"
        },
        {
          "tipo": "ESCRITURA_COMPRAVENTA_FIRMADA",
          "grupo": "CIERRE",
          "bucket": "documentos",
          "ruta": "documentos/exp15/Escritura_Compraventa.pdf",
          "nombreOriginal": "Escritura_Compraventa.pdf",
          "mime": "application/pdf",
          "tamanoBytes": 2131,
          "hashSha256": "33eed7999c65a61b15a506143a79ff57be6e38f56fd42feb3e59fb67696bbf13",
          "version": 1,
          "fechaSubida": "2025-12-24T03:02:11"
        }
      ]
    }
  ]
}